Cidade;Empresa;Área
Ribeirao Preto ; V.L. Campo ; Farmacia
Ribeirao Preto ; Yosen IndÃºstria e Comercio de Produtos para SaÃºde Ltda ; Ciencia e Tecnologia de Alimentos
Ribeirao Preto ; ONKOS DIAGNOSTICOS MOLECULARES LTDA (FILIAL) ; Medicina
Ribeirao Preto ; Bind Pesquisa e Desenvolvimento Ltda ; Farmacia
Ribeirao Preto ; Innolution Sistemas de Informatica Ltda ; Medicina
Ribeirao Preto ; Living Out Laboratorio de Testes Celulares In Vitro Ltda ; Farmacia
Ribeirao Preto ; Thiago Franco ; Enfermagem
Ribeirao Preto ; Actinobac Agrosciences Pesquisa e Desenvolvimento Ltda ; Quimica
Ribeirao Preto ; Inanocare Ltda. - ME ; Farmacia
Ribeirao Preto ; Souza P&D Farmaceutico Ltda ; Farmacia
Ribeirao Preto ; Progenix Pesquisa e Artigos para Laboratorio Ltda ; Genetica
Ribeirao Preto ; Reload Health Devices Ltda ; Saude Coletiva
Ribeirao Preto ; BTZ Tecnologia Ltda ; Engenharia Agricola
Ribeirao Preto ; Invent Biotecnologia Ltda. - ME ; Imunologia
Ribeirao Preto ; Santa Martha Jardins Ltda. - ME ; Engenharia Quimica
Ribeirao Preto ; Neogenys Diagnostico Molecular Ltda ; Medicina
Ribeirao Preto ; TagmaVisions Treinamentos Digitais Ltda ; Medicina
Ribeirao Preto ; Juan Harold Sosa Arnao ; Engenharia Mecanica
Ribeirao Preto ; Eleve Pesquisa e Desenvolvimento Ltda ; Engenharia Agricola
Ribeirao Preto ; Avita Produtos Quimicos Farmaceuticos Ltda ; Farmacia
Ribeirao Preto ; Rodrigo Aznar Mendes ; Engenharia Eletrica
Ribeirao Preto ; Sardrones Aplicacoes e Servicos Agricolas - Eireli ; Engenharia Aeroespacial
Ribeirao Preto ; Onkos Diagnosticos Moleculares Ltda. - ME ; Medicina
Ribeirao Preto ; Sthenos Inovacoes em SaÃºde Ltda ; Engenharia Quimica
Ribeirao Preto ; Innolution Sistemas de Informatica Ltda ; Medicina
Ribeirao Preto ; Decoy Tecnologia em Controle de Pragas S/A ; Ecologia
Ribeirao Preto ; Eco Biotech Tecnologia em Manutencao Ltda. - ME ; Microbiologia
Ribeirao Preto ; Living Out Laboratorio de Testes Celulares In Vitro Ltda ; Farmacia
Ribeirao Preto ; Decoy Tecnologia em Controle de Pragas S/A ; Ecologia
Ribeirao Preto ; Centro Paulista de Diagnostico, Pesquisa e Treinamento Ltda (CPDP) ; Medicina
Ribeirao Preto ; Adriana Ferreira Lopes Vilela ; Quimica
Ribeirao Preto ; Eleve Science Pesquisa e Desenvolvimento Ltda ; Farmacologia
Ribeirao Preto ; Radiologia-IS Desenvolvimento de Programas Ltda ; Medicina
Ribeirao Preto ; Actinobac Agrosciences Pesquisa e Desenvolvimento Ltda ; Quimica
Ribeirao Preto ; MRA Industria de Equipamentos Eletronicos Ltda ; Fisica
Ribeirao Preto ; Innolution Sistemas de Informatica Ltda ; Medicina
Ribeirao Preto ; Gedanken Desenvolvimento e Licenciamento de Programas de Computador Ltda ; Administracao
Ribeirao Preto ; TagmaVisions Treinamentos Digitais Ltda ; Medicina
Ribeirao Preto ; Noleak Tecnologia da Informacao Ltda ; Ciencia da Computacao
Ribeirao Preto ; Lipid Ingredients & Technologies Ltda. - ME ; Odontologia
Ribeirao Preto ; V.L. Campo ; Farmacia
Ribeirao Preto ; Kidopi Solucoes em Informatica Medica Ltda (Kidopi) ; Ciencia da Computacao
Ribeirao Preto ; Decoy Tecnologia em Controle de Pragas S/A ; Ecologia
Ribeirao Preto ; Fernanda Rebel Moreira Alves ; Ciencia e Tecnologia de Alimentos
Ribeirao Preto ; Sigmed Equipamentos Eletronicos Ltda. - EPP ; Engenharia Biomedica
Ribeirao Preto ; Santa Martha Jardins Ltda. - ME ; Agronomia
Ribeirao Preto ; Eleve Science Pesquisa e Desenvolvimento Ltda ; Farmacia
Ribeirao Preto ; Dentillo e Gavio Identificacao e Quantificacao Molecular Ltda. - ME ; Saude Coletiva
Ribeirao Preto ; Centro Tecnico de Avaliacao Genetica Ltda. - EPP ; Zootecnia
Ribeirao Preto ; Eco Biotech Tecnologia em Manutencao Ltda. - ME ; Microbiologia
Ribeirao Preto ; MRA Industria de Equipamentos Eletronicos Ltda ; Fisica
Ribeirao Preto ; Onkos Diagnosticos Moleculares Ltda. - ME ; Medicina
Ribeirao Preto ; Yosen IndÃºstria e Comercio de Produtos para SaÃºde Ltda ; Farmacologia
Ribeirao Preto ; Kidopi Solucoes em Informatica Medica Ltda (Kidopi) ; Ciencia da Computacao
Ribeirao Preto ; Felipe Wilker Grillo - ME ; Engenharia Biomedica
Ribeirao Preto ; Sensorial Desenvolvimento de Software Ltda. - ME ; nan
Ribeirao Preto ; Eleve Science Pesquisa e Desenvolvimento Ltda ; Farmacia
Ribeirao Preto ; Microcontrol Innovation Ltda. - ME ; Microbiologia
Ribeirao Preto ; Eleve Pesquisa e Desenvolvimento Ltda ; Zootecnia
Ribeirao Preto ; G&G Cosmetica Ltda. - ME ; Farmacia
Ribeirao Preto ; Juan Harold Sosa Arnao ; Engenharia Mecanica
Ribeirao Preto ; Exclusif Ltda. - EPP ; Engenharia Eletrica
Ribeirao Preto ; Avita Produtos Quimicos Farmaceuticos Ltda ; Farmacia
Ribeirao Preto ; Ciaware Centro de Informatizacoes e Analises Ltda ; Engenharia Biomedica
Ribeirao Preto ; Sigmed Equipamentos Eletronicos Ltda. - EPP ; Engenharia Biomedica
Ribeirao Preto ; Labmaq do Brasil Ltda ; Farmacia
Ribeirao Preto ; Innolution Sistemas de Informatica Ltda ; Medicina
Ribeirao Preto ; Labmaq do Brasil Ltda ; Agronomia
Ribeirao Preto ; Kidopi Solucoes em Informatica Medica Ltda (Kidopi) ; Ciencia da Computacao
Ribeirao Preto ; Rafael Mira de Oliveira Libardi Eireli - ME ; Ciencia da Computacao
Ribeirao Preto ; Laboratorio Vitafort IndÃºstria e Comercio Produtos Veterinarios Ltda ; Medicina Veterinaria
Ribeirao Preto ; Onkos Diagnosticos Moleculares Ltda. - ME ; Genetica
Ribeirao Preto ; Sensorial Desenvolvimento de Software Ltda. - ME ; nan
Ribeirao Preto ; Eleve Pesquisa e Desenvolvimento Ltda ; Farmacia
Ribeirao Preto ; LCR Kimera Biotecnologia Ltda ; Medicina Veterinaria
Ribeirao Preto ; Apis Flora Industrial e Comercial Ltda ; Imunologia
Ribeirao Preto ; INVITRA - Tecnologia da Reproducao Assistida Ltda ; Medicina Veterinaria
Ribeirao Preto ; M C Tech Biotecnologia Ltda ; Bioquimica
Ribeirao Preto ; Eleve Pesquisa e Desenvolvimento Ltda ; Farmacia
Ribeirao Preto ; Dentillo e Gavio Identificacao e Quantificacao Molecular Ltda. - ME ; Medicina
Ribeirao Preto ; Ciaware Centro de Informatizacoes e Analises Ltda ; Engenharia Biomedica
Ribeirao Preto ; Cross Reality Sistemas Ltda ; Educacao
Ribeirao Preto ; Onkos Diagnosticos Moleculares Ltda. - ME ; Genetica
Ribeirao Preto ; Innolution Sistemas de Informatica Ltda ; Medicina
Ribeirao Preto ; Avita Produtos Quimicos Farmaceuticos Ltda ; Farmacia
Ribeirao Preto ; Figlabs Pesquisa e Desenvolvimento Ltda (Figlabs) ; Engenharia Biomedica
Ribeirao Preto ; Labmaq do Brasil Ltda ; Agronomia
Ribeirao Preto ; BRP Inovacao, Assessoria e Representacao Comercial Ltda ; Engenharia Quimica
Ribeirao Preto ; Felipe Wilker Grillo - ME ; Engenharia Biomedica
Ribeirao Preto ; Lipid Ingredients & Technologies Ltda. - ME ; Farmacia
Ribeirao Preto ; Decoy Tecnologia em Controle de Pragas S/A ; Ecologia
Ribeirao Preto ; Invent Biotecnologia Ltda. - ME ; Bioquimica
Ribeirao Preto ; PHC Servicos Administrativos e Projetos Ltda. - ME ; Administracao
Ribeirao Preto ; Laboratorio Vitafort IndÃºstria e Comercio Produtos Veterinarios Ltda ; Medicina Veterinaria
Ribeirao Preto ; Veritas Biotecnologia Ltda (VLS) ; Bioquimica
Ribeirao Preto ; Apis Flora Industrial e Comercial Ltda ; Farmacia
Ribeirao Preto ; INVITRA - Tecnologia da Reproducao Assistida Ltda ; Medicina Veterinaria
Ribeirao Preto ; Verdartis Desenvolvimento Biotecnologico Ltda. - ME ; Engenharia Quimica
Ribeirao Preto ; Capataz - Estatores Motores e Geradores Eletricos Eireli - ME ; Engenharia Eletrica
Ribeirao Preto ; LCR Kimera Biotecnologia Ltda ; Medicina Veterinaria
Ribeirao Preto ; Nanophoton Ltda. - ME ; Farmacia
Ribeirao Preto ; Areda e Escudeiro Ltda. - ME ; Farmacia
Ribeirao Preto ; Apis Flora Industrial e Comercial Ltda ; Farmacia
Ribeirao Preto ; Apis Flora Industrial e Comercial Ltda ; Microbiologia
Ribeirao Preto ; Narcissus Pesquisa Clinica e Biotecnologia Ltda. - ME ; Medicina
Ribeirao Preto ; Labmaq do Brasil Ltda ; Farmacia
Ribeirao Preto ; Veritas Biotecnologia Ltda (VLS) ; Bioquimica
Ribeirao Preto ; Invent Biotecnologia Ltda. - ME ; Bioquimica
Ribeirao Preto ; Apis Flora Industrial e Comercial Ltda ; Farmacia
Ribeirao Preto ; Verdartis Desenvolvimento Biotecnologico Ltda. - ME ; Bioquimica
Ribeirao Preto ; Kidopi Solucoes em Informatica Medica Ltda (Kidopi) ; Engenharia Biomedica
Ribeirao Preto ; Rad Tech Sistemas Medicos Ltda ; Biofisica
Ribeirao Preto ; Areda e Escudeiro Ltda. - ME ; Farmacia
Ribeirao Preto ; Virologica Solucoes em Microbiologia Ltda (Virologica) ; Microbiologia
Ribeirao Preto ; Verdartis Desenvolvimento Biotecnologico Ltda. - ME ; Engenharia Quimica
Ribeirao Preto ; Invent Biotecnologia Ltda. - ME ; Bioquimica
Ribeirao Preto ; Apis Flora Industrial e Comercial Ltda ; Farmacia
Ribeirao Preto ; Lychnoflora Pesquisa e Desenvolvimento em Produtos Naturais Ltda (Lychnoflora) ; Farmacia
Ribeirao Preto ; Al Sukkar Biotecnologia Industrial Ltda. - ME ; Quimica
Ribeirao Preto ; Verdartis Desenvolvimento Biotecnologico Ltda. - ME ; Bioquimica
Ribeirao Preto ; Areda e Escudeiro Ltda. - ME ; Farmacia
Ribeirao Preto ; Virologica Solucoes em Microbiologia Ltda (Virologica) ; Microbiologia
Ribeirao Preto ; Figlabs Pesquisa e Desenvolvimento Ltda (Figlabs) ; Engenharia Biomedica
Ribeirao Preto ; Areda e Escudeiro Ltda. - ME ; Farmacia
Ribeirao Preto ; Pro Bio Pesquisa e Desenvolvimento Ltda. - ME ; Farmacia
Ribeirao Preto ; Lychnoflora Pesquisa e Desenvolvimento em Produtos Naturais Ltda (Lychnoflora) ; Farmacia
Ribeirao Preto ; Veritas Biotecnologia Ltda (VLS) ; Bioquimica
Ribeirao Preto ; Veritas Biotecnologia Ltda (VLS) ; Bioquimica
Ribeirao Preto ; Verdartis Desenvolvimento Biotecnologico Ltda. - ME ; Bioquimica
Ribeirao Preto ; Apis Flora Industrial e Comercial Ltda ; Farmacia
Ribeirao Preto ; Verdartis Desenvolvimento Biotecnologico Ltda. - ME ; Engenharia Quimica
Ribeirao Preto ; MRA Industria de Equipamentos Eletronicos Ltda ; Engenharia Biomedica
Ribeirao Preto ; Visionbr Tecnologia e Informatica Ltda ; Engenharia de Transportes
Ribeirao Preto ; Invent Biotecnologia Ltda. - ME ; Medicina Veterinaria
Ribeirao Preto ; Verdartis Desenvolvimento Biotecnologico Ltda. - ME ; Bioquimica
Ribeirao Preto ; Millbox Comercio e Montagens de Equipamentos de Eletronica Ltda ; Quimica
Ribeirao Preto ; Labmaq do Brasil Ltda ; Farmacia
Ribeirao Preto ; Invent Biotecnologia Ltda. - ME ; Medicina Veterinaria
Ribeirao Preto ; Invent Biotecnologia Ltda. - ME ; Medicina Veterinaria
Ribeirao Preto ; Innolution Sistemas de Informatica Ltda ; Ciencia da Computacao
Ribeirao Preto ; Mairum Ceoldo Andrade - ME ; Engenharia Eletrica
Ribeirao Preto ; Innolution Sistemas de Informatica Ltda ; Ciencia da Computacao
Ribeirao Preto ; Heranza Biotecnologia Ltda. - ME ; Medicina Veterinaria
Ribeirao Preto ; MRA Industria de Equipamentos Eletronicos Ltda ; Engenharia Biomedica
Ribeirao Preto ; Technobag IndÃºstria de Artefatos Plasticos Ltda. - ME ; Engenharia Mecanica
Ribeirao Preto ; MRA Industria de Equipamentos Eletronicos Ltda ; Engenharia Biomedica
Ribeirao Preto ; MRA Industria de Equipamentos Eletronicos Ltda ; Engenharia Biomedica
Ribeirao Preto ; Genetica Molecular Pesquisa e Desenvolvimento Ltda (GENON) ; Genetica
Ribeirao Preto ; Adiel Comercial Ltda ; Engenharia Eletrica
Ribeirao Preto ; Bionova Mudas e Plantas Ltda ; Biologia Geral
Ribeirao Preto ; MRA Industria de Equipamentos Eletronicos Ltda ; Engenharia Biomedica
Ribeirao Preto ; MRA Industria de Equipamentos Eletronicos Ltda ; Engenharia Biomedica
Ribeirao Preto ; Technopulp Consultoria e Comercio de Equipamentos Industriais Ltda ; Engenharia Quimica
